id,name,mail,password
0,Giacomo,giacomoalbe@gmail.com,1234
1,Giacomo,giacomoalbe@gmail.com,1234
2,Giacomo,giacomoalbe@gmail.com,1234
3,Giacomo,giacomoalbe@gmail.com,1234
4,Giacomo,giacomoalbe@gmail.com,1234
5,Giacomo,giacomoalbe@gmail.com,1234
6,Giacomo,giacomoalbe@gmail.com,1234
7,Giacomo,giacomoalbe@gmail.com,1234
8,Giacomo,giacomoalbe@gmail.com,1234
9,Milly,milly@prova.com,2345
10,Milly,milly@prova.com,2345
11,Filiandro,filiandro@live.com,7890
12,Paolo,paolo@live.com,ciccio
13,Andrea,andrea@prova.com,1234
